prev_button,button,avg_duration_sec
광운 김밥,돈까스,18.959
결제 버튼,yes,18.536
결제 버튼,no,17.50525
순두부찌개,결제 버튼,13.285499999999999
광운 김밥,결제 버튼,11.319857142857144
공기밥 추가,광운 김밥,9.139
돈까스,결제 버튼,7.899625
김치볶음밥,결제 버튼,5.971
된장찌개,결제 버튼,5.5395
no,결제 버튼,4.111083333333333
광운 김밥,광운 김밥,2.0223333333333335
순두부찌개,김치볶음밥,1.872
된장찌개,순두부찌개,1.409
돈까스,돈까스,1.3963333333333334
